,,,,,,,,,
Row ID,Category,Instruction,Context,Resonse,accuracy_score,helpfulness_score,relevance_score,safety_score,Notes
1,classification,Tell me whether or not these foods are on EWG's dirty dozen list,,"avocados, kiwi, pairs, blueberries, green beans, kale, cabbage",2,2,3,5,Response lists foods but does not identify which are on the EWG's Dirty Dozen; it also contains a typo.
2,classification,"Categorize each of the following instruments as either string or keyboard: Guitar, Violin, piano, harmonium, cello, accordion, banjo",,Guitar - String Violin - String piano - keyboard harmonium - keyboard cello - string accordion - keyboard banjo - string,5,5,5,5,
3,classification,"Classify each of the following as either a bird, animal, reptile or insect: tiger, heron, eagle, alligator, snake, spider, ant, dog, cat, rhinoceros, kingfisher, chameleon, hornet, butterfly",,"mammal- tiger, rhinoceros, dog, cat bird- heron, kingfisher, eagle reptile- snake, alligator, chameleon inset- spider, ant, hornet, butterfly",4,4,5,5,Typo
4,classification,"Choose the word which is different from the rest: hangar, platform, dock, park, bus stand",,All except park are places to await for transportation,5,5,5,5,
5,classification,"Tell me whether these people are DJs or singers: David Guetta, Avicii, Rihanna, Beyonce, Martin Garrix, Calvin Harris, Taylor Swift",,David Guetta: DJ Avicii: DJ Rihanna: Singer Beyonce: Singer Martin Garrix: DJ Calvin Harris: DJ Taylor Swift: Singer,5,5,5,5,
6,brainstorming,Give me a list of the best bravo tv shows,,"Real housewives of Beverly Hills, vanderpump rules, southern charm, real housewives of Orange County, real housewives of New York, summer house, winter house",4,5,5,5,"Subjective request, 'best' is opinion based."
7,brainstorming,Give me some ideas of kids items to stuff into Easter eggs.,,"Here are some kids items that you might consider for your next Easter egg hunt: stickers, playdoh, bouncy balls, bubbles, coins, special rocks or gems, candy, other small toys",5,5,5,5,
8,brainstorming,Give me a bullet list of some popular dashboard and visualisation tools,,"- Microsoft Power BI. It integrates very well with Microsoft office ecosystem and simple to use and get started - Tableau. Although having the same value proposition as that of Power BI, analysts generally prefer it when they need to create powerful and complex dashboards. Like Power Bi, it also supports tons of data connectors. - Metabase. It is an open-source BI and data visualization tool which is good for getting your team started with a baseline dashboard layer. - Datapad. This tool recently started to gain popularity for KPI dashboards. Thanks to its mobile-first KPI dashboard, it is ideal for small to medium enterprises and a lot of solopreneurs uses it to manage their business KPIs.",5,5,5,5,
9,brainstorming,Give me 5 ways to use a ripe avocado,,"1. Avocado toast (if you’re feeling adventurous, add garlic oil and pepper and use sourdough bread) 2. Guacamole (possible additives include: garlic, salt, red onions, tomatoes and lime juice) 3. Diced on your favorite taco 4. Blended in a smoothie (you can also freeze avocado cubes and add to smoothies later) 5. Cubed or sliced with a little salt and pepper on a pretzel cracker",5,5,5,5,
10,closed_qa,"What is an string instrument that is similar to a Violin, but larger in size and with a lower and deeper sound?","The viola (/viˈoʊlə/ vee-OH-lə, also UK: /vaɪˈoʊlə/ vy-OH-lə, Italian: [ˈvjɔːla, viˈɔːla]) is a string instrument that is bowed, plucked, or played with varying techniques. Slightly larger than a violin, it has a lower and deeper sound. Since the 18th century, it has been the middle or alto voice of the violin family, between the violin (which is tuned a perfect fifth above) and the cello (which is tuned an octave below). The strings from low to high are typically tuned to C3, G3, D4, and A4.",The instrument you are looking for is a Viola.,5,5,5,5,
11,closed_qa,In what year did Apple debut the 'Mac Operating System'?,"In 1984, Apple debuted the operating system that is now known as the """"Classic"""" Mac OS with its release of the original Macintosh System Software. The system, rebranded """"Mac OS"""" in 1997, was pre-installed on every Macintosh until 2002 and offered on Macintosh clones for a short time in the 1990s. Noted for its ease of use, it was also criticized for its lack of modern technologies compared to its competitors. The current Mac operating system is macOS, originally named """"Mac OS X"""" until 2012 and then """"OS X"" until 2016. Developed between 1997 and 2001 after Apple's purchase of NeXT, Mac OS X brought an entirely new architecture based on NeXTSTEP, a Unix system, that eliminated many of the technical challenges that the classic Mac OS faced. The current macOS is pre-installed with every Mac and receives a major update annually. It is the basis of Apple's current system software for its other devices – iOS, iPadOS, watchOS, and tvOS.","In 1984, Apple debuted the operating system that is now known as the ""Classic"" Mac OS",5,5,5,5,
12,closed_qa,"Given this paragraph about Africa, why Africa's per capita GDP is low?","Africa is the world's second-largest and second-most populous continent, after Asia in both aspects. At about 30.3 million km2 (11.7 million square miles) including adjacent islands, it covers 20% of Earth's land area and 6% of its total surface area. With 1.4 billion people as of 2021, it accounts for about 18% of the world's human population. Africa's population is the youngest amongst all the continents; the median age in 2012 was 19.7, when the worldwide median age was 30.4. Despite a wide range of natural resources, Africa is the least wealthy continent per capita and second-least wealthy by total wealth, behind Oceania. Scholars have attributed this to different factors including geography, climate, tribalism, colonialism, the Cold War, neocolonialism, lack of democracy, and corruption. Despite this low concentration of wealth, recent economic expansion and the large and young population make Africa an important economic market in the broader global context.","While there are several reasons high population growth, corruption and colonialism and neocolonialism are some of the the factors.",4,4,5,5,Captures several factors from the context but gives a very compressed explanation.
13,closed_qa,Which team has drafted Nkem-Nkechukwu Ojougboh?,"Nkem-Nkechukwu Ojougboh (born August 11, 1987) is Nigerian professional basketball player. He was drafted in the second round (ninth pick) at the 2010 NBA Development League Draft by the Utah Flash, an affiliate of the Utah Jazz and Atlanta Hawks. Collegiately, Ojougboh played for the Northeastern University Huskies men's basketball team from 2007-2010 and for the University of Texas San Antonio in 2005. He played for the NBA Development League team Utah Flash in the 2010/11 NBA D-League season, and for the Tulsa 66ers in 2011/12. Ojougboh was named to the CAA All-Academic First Team from 2005-2008. Ojougboh is the son of Cairo Ojougboh and Grace Ojougboh. He has two brothers Omam Ojougboh, Orieka Ojougboh and a sister Rimma Ojougboh. Out of high school, Ojougboh committed to the University of Texas at San Antonio, after also being recruited by Boise State, Cornell University, Harvard University, Arizona State University and Washington State. He transferred to Northeastern after his Freshman campaign at University of Texas San Antonio.",Nkem-Nkechukwu Ojougboh was drafted by the Utah Flash in 2010.,5,5,5,5,
14,brainstorming,Give me list of top 10 countries by GDP,,"Below is the list of top 10 countries by GDP in 2023:

1.	United States (approx. 26.2 trillion USD)
2.	China (approx. 19.2 trillion USD)
3.	Japan (approx. 4.4 trillion USD)
4.	Germany (approx. 4.1 trillion USD)
5.	India (approx. 3.8 trillion USD)
6.	United Kingdom (approx. 3.5 trillion USD)
7.	France (approx. 2.8 trillion USD)
8.	Canada (approx. 2.3 trillion USD)
9.	Russia (approx. 2.1 trillion USD)
10.	Brazil (approx. 2 trillion USD)",4,5,5,5,
15,brainstorming,What are some ways in which I can use a pen for other than writing?,,"Here are some ways in which you could use a pen for anything other than writing: 

- you could use it to punch holes into bubble wrap 
- you could use it as a weapon 
- you could use a hollow pen as a straw 
- you could use it as a cover for pointed objects 
- you could use it for practicing pen spinning 
- you could use the nib as a tooth pick 
- you could use the nib to open the sim card tray on your phone",5,4,5,4,"One suggestion frames the pen as a weapon, which is unnecessary, though the overall content is low risk."
16,general_qa,What are some of the benefits of learning flute as a child,,"It improves cognitive skills, helps develop fine motor skills, promotes social interaction,  provides a creative outlet. It can be a lifelong hobby. Children who learn the flute often continue to play it throughout their lives. They may even become professional musicians.",5,5,5,5,
17,information_extraction,Extract all of the names of people mentioned in this paragraph and list them using bullets in the format {Name},"The 56.5 acres (22.9 ha) park is an example of a Depression Era public works project that was constructed between 1936 and 1938 by the Works Progress Administration (WPA). James Depew Edmundson, an Iowa attorney who grew up in Oskaloosa, gave a $20,000 bequest to the city to establish a park. City engineer Don Russell saw the New Deal program as an opportunity to add value to the project. The park is the work of landscape architect Ray F. Wyrick. Its structures were designed in the rustic style that was promoted by the National Park Service between 1916 and 1942 for parks supported by all levels of government.","• James Depew Edmundson
• Don Russell
• Ray F. Wyrick",5,5,5,5,
18,general_qa,What are brambles?,,"A bramble is any rough, tangled, prickly shrub, usually in the genus Rubus, which grows blackberries, raspberries, or dewberries. ""Bramble"" is also used to describe other prickly shrubs, such as roses (Rosa species). The fruits include blackberries, arctic brambleberries, or raspberries, depending on the species, and are used to make jellies, jams, and preserves.",5,5,5,5,
19,classification,"Tell me whether these states are in Eastern Time, Central Time, or neither",,"California, Oregon, Connecticut, Washington, Texas, Hawaii",1,1,1,5,The response only repeats the states and does not classify them.
20,brainstorming,8 Simple Ways to Adopt a Healthy and sustainable Eating Pattern,,"Include more whole foods in Diet
Try to avoid crash diet
Get Professional help in beginning
Include and surround yourself with healthy foods
Include healthy snack and carry it with you
Plan alternative before going out
Monitor yourself your progress and be patient
Break old Habits one at a time",4,4,5,5,"Relevant ideas, though some advice is vague."
21,open_qa,What is brackish water and where does it occur?,,"Brackish water is water which is a mixture of freshwater and seawater, and is often found in bays or estuaries",5,5,5,5,
22,closed_qa,"Given a reference text about Ingwelala, tell me which game farms are on the reserve.","Ingwelala is a private stakeholder nature reserve on the bank of the Nhlaralumi River in the heart of the lowveld, about 65 km from the town of Hoedspruit. The reserve of some 3,000 hectares forms part of the Bushbuckridge Municipality, and adjoins the Umbabat Nature Reserve and the unfenced Kruger National Park.

Ingwelala includes the following game farms:

Argyle – 1,499 ha registered as Ingwelala Shareblock Ltd.
Buffelsbed – 1,018 ha registered as Buffelsbed Shareblock Ltd.
Goedehoop – 372 ha registered as Ingwelala Holdings Ltd.
Si Bon – 257 ha registered as Si Bon Property Holdings Ltd","Argyle, Buffelsbed, Goedehoop, and Si Bon are the game farms on Ingwelala.",5,5,5,5,
23,open_qa,Do archaeologists dig up dinosaurs?,,"No, archaeologists do not dig up dinosaurs. They study human culture; therefore, they dig sites relating to human occupation.",5,5,5,5,
24,brainstorming,How many triangles can be formed with 6 matchsticks of equal size without breaking or overlapping them?,,4 triangles if you arrange them in 3 dimension like a pyramid.,4,5,5,5,
25,general_qa,Why is the sky blue?,,"Blue light is scattered in all directions by the tiny molecules of air in Earth's atmosphere. Blue is scattered more than other colors because it travels as shorter, smaller waves. This is why we see a blue sky most of the time.",5,5,5,5,
26,open_qa,How do government control inflation?,,The most common way to control inflation is to reduce the supply of money in the economy. This is achieved by increasing the interest rates.,5,5,5,5,
27,open_qa,Name every month that has 30 days,,"January, March, April, May, June, July, August, September, October, November, December",4,4,5,5,Includes months with 31 days
28,classification,"Identify the bird from the list: Black mamba, Black grouse, Black magic",,Black grouse,5,5,5,5,
29,open_qa,What area in Washington is best known for its wine production?,,"The Columbia Valley American Viticultural Area, in the Columbia Valley Plateau of the central and southern regions of the state, is renowned for its wine production.",5,5,5,5,
30,summarization,Tell me some point by point details about Art Deco using given text as a reference,"Art Deco, short for the French Arts Décoratifs, and sometimes just called Deco, is a style of visual arts, architecture, and product design, that first appeared in France in the 1910s (just before World War I), and flourished in the United States and Europe during the 1920s and 1930s. Through styling and design of the exterior and interior of anything from large structures to small objects, including how people look (clothing, fashion and jewelry), Art Deco has influenced bridges, buildings (from skyscrapers to cinemas), ships, ocean liners, trains, cars, trucks, buses, furniture, and everyday objects like radios and vacuum cleaners.","1.	A style of visual arts, architecture, and product design, Art Deco—short for the French Arts Décoratifs—first debuted in France in the 1910s, soon before World War I, and flourished in the United States and Europe in the 1920s and 1930s.  
2.	Art Deco has influenced bridges, buildings (from skyscrapers to cinemas), ships, ocean liners, trains, cars, trucks, buses, furniture, and common household items like radios and vacuum cleaners.
3.	Art Deco has also influenced styling and design of the exterior and interior of anything from large structures to small objects, as well as how people look (clothing, fashion, and jewellery).",5,5,5,5,
31,brainstorming,Why is the immigration system broken?,,"The immigration system is broken because it is based on outdated policies and procedures, and does not reflect the realities of today's global economy. The current system is too expensive and inefficient, and fails to provide a fair and equitable solution for all migrants.",5,5,5,5,Presents a broad claim as fact and oversimplifies a very complex policy issue that varies by country.
32,classification,"Which of the following are considered golf clubs: woods, irons, jellies, sliders, hybrids, wedges, driver, squeaker, putters",,"woods, irons, hybrids, wedges, driver, putters",3,4,5,4,
33,classification,"Classify these countries into these continents (Asia, Africa, North America, South America, Europe, Australia/Oceania): Morocco, Vietnam, New Zealand, Chad, Afghanistan, Jordan, Lebanon, Monaco, Malta, Dominica, Paraguay",,"- Asia: Vietnam, Afghanistan, Jordan, Lebanon
- Africa: Morocco, Chad
- Europe: Monaco, Malta
- North America: Dominica
- South America: Paraguay
- Australia/Oceania: New Zealand",5,5,5,5,
34,closed_qa,What caused the 2007-2008 financial crisis?,"The preconditioning for the financial crisis were complex and multi-causal. Almost two decades prior, the U.S. Congress had passed legislation encouraging financing for affordable housing. However, in 1999, parts of the Glass-Steagall legislation, which had been adopted in 1933, were repealed, permitting financial institutions to commingle their commercial (risk-averse) and proprietary trading (risk-taking) operations. Arguably the largest contributor to the conditions necessary for financial collapse was the rapid development in predatory financial products which targeted low-income, low-information homebuyers who largely belonged to racial minorities. This market development went unattended by regulators and thus caught the U.S. government by surprise.","Arguably the largest contributor to the conditions necessary for the financial collapse was the rapid development of predatory financial products which targeted low-income, low-information homebuyers who largely belonged to racial minorities.",5,5,5,5,
35,information_extraction,Extract all of the names of people mentioned in this paragraph and list them using bullets in the format {Name},"The twelve-member basketball selection committee is made up of athletic directors and conference commissioners throughout Division I men's and women's athletics with separate committees for the men's and women's tournaments. The committees consist of one member selected from each of the five autonomy conferences and three members selected from the seven highest-ranked nonautonomy conferences based on basketball success. The remaining four members are selected from the 20 other conferences. All appointments are for five years. Historically the men's selection committee consisted of all men, and the women's selection committee consisted of all women. However, recently women have been serving on the men’s committee (including Judy Rose, Lynn Hickey, Janet Cone, and current member Bernadette McGlade), and men have been serving on the women’s committee (including Richard Ensor and current member Jeff Konya). The tournament selection is only part of the committee members' duties; the panels meet year-round (in-person or through conference calls) to discuss the tournament and its administration, evaluate teams, assign tournament game officials, and determine future tournament sites.","• Judy Rose
• Lynn Hickey
• Janet Cone
• Bernadette McGlade
• Richard Ensor
• Jeff Konya",4,4,5,3,
36,information_extraction,Why is it called the Hawaiian pizza?,"The addition of pineapple to the traditional mix of tomato sauce and cheese, along with either ham or bacon, later became popular locally and eventually became a staple offering of pizzerias on a global scale. The name of this creation is, in fact, actually not directly inspired by the U.S. state of Hawaii at all; Panopoulos chose the name Hawaiian after the brand of canned pineapple they were using at the time.",The name comes from the canned pineapple brand,5,5,5,5,Directly extracts the reason from the provided context.
37,creative_writing,What are foundational models?,,"Foundational Models as the name says can be the foundation for many applications of the AI Model, using self-supervised learning and transfer learning, the model can apply information it learnt about one situation to another. As an example. You learn to drive one car and without too much effort you can drive most of the other cars, even trucks or a bus.",5,5,5,5,
38,open_qa,How many keys are in a standard piano?,,There are 88 keys in a standard piano. It has been the standard since Steinway built their pianos in the 1880s. There are 52 white keys and 36 black keys.,4,4,5,5,
39,general_qa,What are the Regulations of Football?,,"The Fédération Internationale de Football Association rules football. Their headquarters were first founded in 1904 in Switzerland.

They currently have over 200 members around the world. FIFA governs all the rules and regulations of football as played in the English Premier League, United Kingdom.",5,5,5,5,Explains FIFA rather than the actual laws or regulations of football.
40,open_qa,When was the Hundred Years War and who fought in it?,,"The English and French fought from the mid-14th century well into the 15th century. The English king reigned over not only the British islands but in Normandy, France. (Read up on William the Conqueror for the story of how that came to be.) The result of this continental foothold meant that the English fought mostly in France, from Brittany to the south of France, and east towards Flanders.

Fighting in this time was particularly brutal. ""Men at Arms"" were knights, wearing full suits of armor. Supporting these Men at Arms were crossbowman (on the French side) and archers, using the English War Bow, on the English side. The War Bow was an extremely powerful weapon.",5,4,4,5,"Correct core answer, but adds historical detail instead of clearly stating the conventional dates."
41,classification,"Which of the following items are types of books: novels, biographies, historical fiction, reference texts, graphic novels, newspapers, magazines, flyers, pamphlets, pocket dictionaries.",,"novels, biographies, historical fiction, reference texts, graphic novels, pocket dictionaries",5,4,4,5,
42,summarization,What are some defining qualities of authoritarianism?,"Authoritarianism is a political system characterized by the rejection of political plurality, the use of strong central power to preserve the political status quo, and reductions in the rule of law, separation of powers, and democratic voting. Political scientists have created many typologies describing variations of authoritarian forms of government. Authoritarian regimes may be either autocratic or oligarchic and may be based upon the rule of a party or the military. States that have a blurred boundary between democracy and authoritarianism have some times been characterized as ""hybrid democracies"", ""hybrid regimes"" or ""competitive authoritarian"" states.

The political scientist Juan Linz, in an influential 1964 work, An Authoritarian Regime: Spain, defined authoritarianism as possessing four qualities:

Limited political pluralism, is realized with constraints on the legislature, political parties and interest groups.
Political legitimacy is based upon appeals to emotion and identification of the regime as a necessary evil to combat ""easily recognizable societal problems, such as underdevelopment or insurgency.""
Minimal political mobilization, and suppression of anti-regime activities.
Ill-defined executive powers, often vague and shifting extend the power of the executive.
Minimally defined, an authoritarian government lacks free and competitive direct elections to legislatures, free and competitive direct or indirect elections for executives, or both. Broadly defined, authoritarian states include countries that lack civil liberties such as freedom of religion, or countries in which the government and the opposition do not alternate in power at least once following free elections. Authoritarian states might contain nominally democratic institutions such as political parties, legislatures and elections which are managed to entrench authoritarian rule and can feature fraudulent, non-competitive elections. In contexts of democratic backsliding, scholars tend to identify authoritarian political leaders based on certain tactics, such as: politicizing independent institutions, spreading disinformation, aggrandizing executive power, quashing dissent, targeting vulnerable communities, stoking violence, and corrupting elections. Since 1946, the share of authoritarian states in the international political system increased until the mid-1970s but declined from then until the year 2000.","1. Limited political pluralism or outright rejection of political pluralism.
2. Lack of civil liberties
3. Lack of free, fair and competitive elections
4. So-called democratic institutions corrupted by authoritarian rule
5. Use of election tactics such as spreading misinformation, politicizing independent institutions, quashing dissent, engaging in culture wars, targeting vulnerable communities, stoking violence, and aggrandizing executive power.
6. Use of a strong central power to preserve the political status quo at the cost of basic democratic ideals such as the rule of law, separation of powers, and voting rights.",5,5,5,5,
43,general_qa,What is Ayurveda?,,"Ayurveda is a natural system of medicine that originated in India more than 3,000 years ago. The term Ayurveda is derived from the Sanskrit words ayur (life) and veda (science or knowledge). Thus, Ayurveda translates to knowledge of life. Based on the idea that disease is due to an imbalance or stress in a person's consciousness, Ayurveda encourages certain lifestyle interventions and natural therapies to regain a balance between the body, mind, spirit, and the environment.",5,5,5,5,
44,open_qa,What is skydiving?,,Skydiving is considering a thrill seeking opportunity.  It can be classified as a risky sport because every safety check and setup has to be 100% perfect in order to execute the skydiving perfectly each time.  If something does go wrong or you miss a safety check injury or death can occur.  That is why its important to triple check all your gear and equipment before skydiving or have an expert who has 1000's of jumps check your gear for you.  Skydiving is considered fun for some and scare for others.  If you are risk-averse you can consider this sport as a new opportunity for fun and enjoyment,5,5,5,5,"Correct general description, but some wording is awkward and the safety framing is somewhat exaggerated."
45,general_qa,What do I need to learn how to knit?,,"To learn to knit you will need a few basic knitting supplies. First, you will need some yarn, knitting needles, and if you’d like, a pattern. Knitting needles come in many sizes so if you plan to make a specific pattern follow the pattern instructions. You begin knitting by casting on a certain amount of stitches, then follow the pattern for specific knit or purl stitches.",4,4,5,5,
46,creative_writing,Write a letter to my boss that convinces them that I deserve a raise.,,"Hey boss, its me.  We have worked hard over these past few periods, and while I look back fondly on our memories, I have an ask of you.  You see, given how much I have sacrificed to deliver the results you have demanded over the past fiscal cycle, and we surpassed our goals, I was thinking perhaps you could show your appreciation with an reasonable increase in salary?  
Thank you for your consideration, and I look forward to surpassing our goals together in the future.",5,5,5,5,Creative response meets the request but is informal and less persuasive than a strong raise request.
47,general_qa,What's the best country in the world?,,"There is no single answer.  The United States of America has the largest economy of any country, but Qatar has the highest GDP per capita.  Finland, on the other hand, is the happiest country in the world.  Russia is the largest country by landmass.  Many consider New Zealand to be the most beautiful country.  Which country is best depends on what you are looking for.",4,4,5,5,Appropriately treats 'best' as subjective and provides relevant criteria.
48,classification,"In my upcoming trip across Europe I'm planning to visit the following countries: Germany, Austria, Hungary, Romania, Bulgaria and Greece. Are all of them part of the Schengen area?",,"Most of them are, but not all. Romania and Bulgaria are the two exceptions.",1,2,5,5,Romania and Bulgaria are now in the Schengen area.
49,classification,"Classify each of the following as either titles by George R.R. Martin or Robert Jordan: A Game of Thrones, Dying of the Light, The Armageddon Rag, A Storm of Swords, A Song for Lya, The Great Hunt, Towers of Midnight, Lord of Chaos, A Crown of Swords, Crossroads of Twilight",,"George R.R. Martin: A Game of Thrones, Dying of the Light, The Armageddon Rag, A Storm of Swords, A Song for Lya
Robert Jordan: The Great Hunt, Towers of Midnight, Lord of Chaos, A Crown of Swords, Crossroads of Twilight",5,5,5,5,
50,open_qa,What was the first commercial relational database product launched in the market?,,"Oracle Database (commonly referred to as Oracle DBMS, Oracle Autonomous Database, or simply as Oracle) is a multi-model database management system produced and marketed by Oracle Corporation. It was the first RDBMS product commercially available in the market in the year 1979.",5,5,5,5,
51,brainstorming,"Make a list, using dot points, of the last five cities who hosted the Olympics.",,"The last five cities to host the Olympic Games were:
- Tokyo, Japan (2021),
- Rio, Brazil (2016),
- London, England (2012),
- Beijing, China (2008),
- Athens, Greece (2004).",3,4,5,5,Answer depends on whether Summer or Winter Olympics are intended; it lists recent Summer hosts only and labels Tokyo by the event year rather than the original scheduled year.
52,classification,What qualifies an animal as a monotreme?,,"A monotreme is a mammal that lays eggs.  This is uncommon as there are only two mammals, the echidnas and platypus, that do so.  The majority of mammals give placenta birth, with another minority of mammals, known as marsupials, give birth to a fetus-like embryo which is dependent of mother's teat to provide nourishment until fully developed.",4,4,5,5,
53,open_qa,Why is November 14 celebrated as world diabetes day?,,Sir Frederick Banting who discovered Insulin in 1922 was born on November 14 which is why November 14 is celebrated as world diabetes day,4,5,5,5,"Correct reason, though the discovery date wording is simplified."
54,classification,Which is a species of fish? Mullet or Afro,,Mullet,,,,,
55,classification,"Classify these wines in Red or White:  Chardonnay ,Cabernet Sauvignon,Moscato, Merlot, Syrah, Malbec, Pinot Noir, Riesling, Sangiovese, Sauvignon Blanc",,"Chardonnay, Moscato, Sauvignon Blanc, Riesling are White Wines and Cabernet Sauvignon, Merlot, Syrah, Malbec, Pinot Noir and Sangiovese are Red Wines",5,5,5,5,
56,brainstorming,What would be a first date option in Boston?,,"There are many options for first dates in Boston. You could go for a nice walk in the Boston Common and grab a coffee/tea somewhere nearby. You could go to the Boston Aquarium and walk along the water afterwards. You could go to Seaport and spend time in the indoor mini golf spot. You could also wander around Quincy market and grab a bite to eat and then visit the Sam Adams brewery. Lastly, you could go for a walk along the esplanade and grab a drink and Night Shift brewery if the weather is nice.",5,5,5,5,
57,information_extraction,Who owns the largest share of the Vancouver Whitecaps FC?,"Vancouver Whitecaps FC is owned by a group of four investors: Greg Kerfoot, Steve Luczo, Jeff Mallett, and Steve Nash. The group has a collective net worth over $2 billion. Kerfoot has been the majority owner of the Whitecaps since 2002, when he saved the club from contraction after previous owner David Stadnyk left the club, selling it to United Soccer Leagues. Mallett, a former chief operating officer (COO) of Yahoo!, who was raised in Victoria, British Columbia, and played for several collegiate soccer teams. He later purchased minority stakes in the San Francisco Giants of Major League Baseball and English soccer club Derby County F.C. Having first met at a charity soccer event in 2005, Mallett partnered with Steve Nash—a two-time National Basketball Association (NBA) Most Valuable Player who was also raised in Victoria—to put together a bid for a minority share of English soccer club Tottenham Hotspur F.C. in 2008. After that transaction fell through, the duo contacted Kerfoot about a minority stake in the club. Nash is the older brother of former Whitecaps midfielder Martin Nash. The fourth partner, Steve Luczo, is the president, chairman, and CEO of Seagate Technology and a partner in Boston Basketball Partners L.L.C., a group who own the NBA Boston Celtics. Luczo met Kerfoot while the two were both employed by Seagate Technology, and Kerfoot contacted Luczo proposing he become part of the club's MLS bid. In 2009, the group paid a $35 million expansion fee to MLS for the right to join the league.","Of the group of 4 investors, Greg Kerfoot is the majority owner the Vancouver Whitecaps FC investors group.",5,5,5,5,
58,classification,"Classify the following as either red wines or white wines: Cabernet Sauvignon, Pinot Blanc, Riesling, Chardonnay, Pinot Grigio, Sauvignon Blanc, Merlot, Syrah, Shiraz",,"Red wines: Cabernet Sauvignon, Merlot, Syrah, Shiraz
White wines: Pinot Blanc, Riesling, Chardonnay, Pinot Grigio, Sauvignon Blanc",5,5,5,5,
59,summarization,What is The Dark Side of the Moon?,"The Dark Side of the Moon is the eighth studio album by the English rock band Pink Floyd, released on 1 March 1973 by Harvest Records. Developed during live performances before recording began, it was conceived as a concept album that would focus on the pressures faced by the band during their arduous lifestyle, and also deal with the mental health problems of former band member Syd Barrett, who departed the group in 1968. New material was recorded in two sessions in 1972 and 1973 at EMI Studios (now Abbey Road Studios) in London.",The Dark Side of the Moon is Pink Floyd's 8th studio album. It is about the band's difficult lifestyle and touches on the mental health problems of former band member Syd Barrett.,4,4,5,5,Captures the core themes but omits key identifying details such as release date
60,brainstorming,"Give me a list of the top ten movies, according to IMDb ratings.",,"1. The Shawshank Redemption (1994), 9.2 points
2. The Godfather (1972) 9.2 points
3. The Dark Knight (2008), 9.0 points
4. The Godfather Part II (1974), 9.0 points
5. 12 Angry Men (1957), 9.0 points
6. Schindler's List (1993), 8.9 points
7. The Lord of the Rings: The Return of the King (2003), 8.9 points
8. Pulp Fiction (1994), 8.8 points
9. The Lord of the Rings: The Fellowship of the Ring (2001), 8.8 points
10. The Good, the Bad and the Ugly (1966), 8.8 points",4,5,5,5,"IMDb rankings are time sensitive and ratings can change, but the list is broadly correct"
61,general_qa,What are different tools and channels used in organizations for communication and training?,,"There are many different tools and channels used by organizations for communication and training. These range from short and informal, such as a direct message or text, to long and formal, such as a blog article, webinar, or a training class.

Widely use short and informal tools include Slack, Microsoft Team, Skype, WhatsApp, and many more. These tools can incorporate text, audio file, video files, and links to files. They're usually used for one to one, one to many (small group), or one to many (large group). 

Email can be used both for short and informal and longer, more formal communications. In fact, emails have fully supplanted the ""interoffice memo"" used for decades in the corporate world.

Presentations are a widely used tool in enterprises today. These typically include both a live presenter and prepared slides for the audience to see, and usually, take away. Tools for creating these slide show, also referred to as ""decks,"" include Microsoft PowerPoint and Google Slides. Webinars are virtual presentations, nearly always using slides. 

An interesting evolution in corporate communication has been the advent of the ""slideument."" Coined by Nancy Duarte in her book, slide:ology, a slideument is ""the worst of both worlds."" Each slides features a great deal of text, which may or may not be the presenter's script. However, being slides, there is often little heed given to the principles of good writing. Directness, transitions, conciseness, clarity. 

A workshop or training event is another method of corporate communication. The key difference between this and other tools is that a workshop is usually for skill building of some type and incorporates (hopefully) a great deal of audience interaction (with the presenter and with other participants. Slides are often used, but other tools can be brought into play, such as flip charts, small group discussions, and assignments for individuals and groups.",5,5,4,5,Longer than necessary and somewhat repetitive.
62,information_extraction,"Extract universities Moret studied at and his year of graduation for each, and put them in a bulleted list.","Moret was born in 1953 in Vevey Switzerland, and did his undergraduate studies at the École Polytechnique Fédérale de Lausanne (EPFL), graduating in 1975. He went on to graduate studies at the University of Tennessee, earning a Ph.D. in 1980. He then joined the faculty of the University of New Mexico, where he remained until 2006, when he moved to EPFL. He retired from EPFL in December 2016.

In 1996, Moret founded the ACM Journal of Experimental Algorithmics, and he remained editor in chief of the journal until 2003. In 2001, Moret founded the Workshop in Algorithms for Bioinformatics (WABI) and remains on the Steering Committee for the conference.

In 2018, Moret was elected as a Fellow of the International Society for Computational Biology, for his outstanding contributions to the fields of computational biology and bioinformatics.","* École Polytechnique Fédérale de Lausanne (EPFL) (graduated 1975)
* University of Tennessee (graduated 1980)",5,5,5,5,
63,general_qa,How do I find my Tesla charging station?,,Access charge settings by touching Controls > Charging when Tesla is in Park. You can also touch the battery icon on the touchscreen to access charge settings.,2,2,3,5,"Answers how to access charging settings, not how to locate a Tesla charging station."
64,classification,"Tell me whether matches in each sport is usually played individually or on a team: baseball, golf, tennis, wrestling, hockey",,"Baseball: Team
Golf: Individually
Tennis: Individually
Wrestling: Individually
Hockey: Team",5,5,5,5,
65,classification,Classify if the following are hollywood or bollywood movies: Zanjeer; The Shawshank redemption; Sholay; Pride & prejudice,,Zanjeer and Sholay are bollywood moves. The Shawshank redemption and Pride & Prejudice are hollywood movies.,5,5,5,5,
66,open_qa,How many albums has Taylor Swift released?,,10 albums.,2,2,5,5,"The answer is outdated and time sensitive, no timeline added"
67,classification,"Tell me whether these are a solid, liquid, or gas",,"book, oxygen, water, juice, coffee, nitrogen, mug, glasses, metal",1,1,1,5,The response fails to classify any of the listed items.
68,general_qa,What is the appeal to baby led weaning?,,"Baby led weaning, or BLW, is the practice of weaning a baby from breast feeding naturally by allowing the child to begin eating solid food freely by their own choice. For example, while the care takers are eating a meal, allowing the child (at any age) to pick food from the care taker's plate. There is the thought is that the human body will self regulate what it needs instinctively.   The notion of self regulation applies to nutrients found in the food as well as the amount of food that the body need.  The mainstream alternative (especially in first world countries) is pureed foods prepared especially for babies. Those that subscribe to BLW believe that the downside of feeding babies baby specific food is that the practice teaches babies to ignore natural instincts because someone else is in control of what type and how much food to eat.  Some reasons people choose not to follow BLW are: the misconception that babies cannot eat solid food,  the convenience of prepared commercial baby food, generally accepted mainstream guidance on baby rearing, or the lack of awareness of BLW. BLW can also be quite messy as some of the food babies will handle are a function of exploration rather than for consumption and therefore end up on the floor.",3,3,4,5,"Contains an overly broad description of baby led weaning, including that babies can eat freely 'at any age.'"
69,information_extraction,Extract the most recent upper bound and low bound of the sofa constant and return them in the format {Bound Type} - {Bound Value}.,"Work has been done on proving that the sofa constant (A) cannot be below or above certain values (lower bounds and upper bounds).

Lower
An obvious lower bound is A \geq \pi/2 \approx 1.57. This comes from a sofa that is a half-disk of unit radius, which can rotate in the corner.

John Hammersley derived a lower bound of A \geq \pi/2 + 2/\pi \approx 2.2074 based on a shape resembling a telephone handset, consisting of two quarter-disks of radius 1 on either side of a 1 by 4/\pi rectangle from which a half-disk of radius. 

In 1992, Joseph L. Gerver of Rutgers University described a sofa described by 18 curve sections each taking a smooth analytic form. This further increased the lower bound for the sofa constant to approximately 2.2195.

Upper

Hammersley also found an upper bound on the sofa constant, showing that it is at most 2\sqrt{2} \approx 2.8284. 

Yoav Kallus and Dan Romik proved a new upper bound in June 2017, capping the sofa constant at 2.37.","The soft constant has the following bounds: Upper Bound - 2.37, Lower Bound - 2.2195.",5,5,5,5,Typo
70,summarization,Summarize the key developments in human evolution based on the paragraph below,"Primates diverged from other mammals about 85 million years ago (mya), in the Late Cretaceous period, with their earliest fossils appearing over 55 mya, during the Paleocene. Primates produced successive clades leading to the ape superfamily, which gave rise to the hominid and the gibbon families; these diverged some 15–20 mya. African and Asian hominids (including orangutans) diverged about 14 mya. Hominins (including the Australopithecine and Panina subtribes) parted from the Gorillini tribe (gorillas) between 8–9 mya; Australopithecine (including the extinct biped ancestors of humans) separated from the Pan genus (containing chimpanzees and bonobos) 4–7 mya. The Homo genus is evidenced by the appearance of H. habilis over 2 mya, while anatomically modern humans emerged in Africa approximately 300,000 years ago.","1) Primates diverged from other mammals 85 million years ago
2) The hominid family emerged 15-20 million years ago. 
3) Hominins parted from gorillas between 8 and 9 million years ago
4) Australopithecines separated from the Pan genus 4-7 million years ago
5) The Homo genus appeared over 2 million years ago
6) Anatomically modern humans emerged in Afirca 300,000 years ago",5,5,5,5,Clear and accurate chronological summary.
71,creative_writing,Write a brief paragraph about the evolution of Egyptian pyramids.,,"Egyptian pyramids are fascinating ancient buildings edified more than 2500 years before the Common Era. According to Egyptologists, these megalithic structures served as tombs for the biggest pharaohs that successively ruled the region in that Era. The biggest ones, present until now in Giza, are built with astonishing precision using the rudimental tools and materials that were available at that time. For example, Khufu pyramid, culminating at 481 feet, is an architectural masterpiece. The size, orientation and precision of this pyramid are keeping the best current architects agape. However, the journey was not straightforward for ancient Egyptians. Building such megalithic structures remains very hard to even nowadays. Before achieving the precision of the pyramids on Giza plateau, some inconsistencies and simpler trials are still present in Egypt showing the progressive improvement in their construction know-how through time. The first historically documented pyramid in Egypt is attributed to Djozer pharaoh in the third dynastic period. It is a stepped structure with superposed squares without big attention to the external design and polishment that we find later in the more recent pyramids. Egyptologists proved the existence of many other attempts to build similar structures in the same dynasty. However, the first complete pyramid structures appeared only in the 4th dynasty, giving successively the rise of the great pyramids of Meidum, Dahshur, and Giza",4,4,5,5,Creative paragraph is informative but contains awkward phrasing and some broad claims.
72,open_qa,What is net worth?,,"Net worth is the value of the assets a person or corporation owns, minus the liabilities they owe. It is an important metric to gauge a person's health, providing a useful snapshot of its current financial position. Tracking your net worth over time is a helpful indicator of your financial stability. Looking at net worth can help you understand where your money has gone in the past vs. where you want it to go in the future.",5,5,5,5,Correct definition with useful context.
73,classification,"Classify each country as Spanish or Portuguese speaking: Peru, Argentina, Chile, Brazil, Mexico, Portugal",,"Peru: Spanish Speaking
Argentina: Spanish Speaking
Chile: Spanish Speaking
Brazil: Portuguese Speaking
Mexico: Spanish Speaking
Portugal: Portuguese Speaking",5,5,5,5,
74,open_qa,What are the primary causes of inflation?,,Inflation is caused by imbalance of supply and demand.,3,3,5,5,
75,classification,"Please classify each of the following as European or Asian countries: England, Thailand, Greece, Japan.",,"England and Greece are European countries, while Thailand and Japan are Asian countries.",5,5,5,5,
76,creative_writing,Write an email to someone updating that I’ve accepted the position at their company to which they referred me,,"Hi, 

I wanted to update you that I accepted the offer!

Thank you for being such a huge part of this, from coffee chats to interview prepping. You made all the difference in my application journey and I’m so excited to work with you.",5,5,5,5,
77,classification,"Tell me which of the following activities are types of workouts: walking, running, weightlifting, HIIT, cardio, yoga, sleeping, sitting at your chair, standing, looking into the distance, watching TV.",,"Working out typically involves movement of the body and muscles. it often involves the stretching or contracting of muscles and can have a change in heart rate. Walking, running, weightlifting, HIIT, and cardio, and yoga are different types of workouts.",5,5,5,5,Correctly identifies the workout activities and excludes passive activities.
78,summarization,Please tell me the main global sources of energy production,"Energy production is 80% fossil, half of which is produced by China, the United States and the Arab states of the Persian Gulf. The Gulf States and Russia export most of their production, largely to the European Union and China, where not enough energy is produced to satisfy demand. Energy production is increasing 1 to 2% per year, except for solar and wind energy which averaged 20% per year in the 2010s.","The main sources of energy production are fossil, accounting for around 80% of the total energy generation. Around half of the energy generation by fossil sources is produced by China, the United States and the Arab states of the Persian Gulf. Energy production from renewable sources such as solar and wind has increased at an average of 20% yearly which is much higher than the growth of the rest of the sources at an average of 1% to 2% yearly.",5,5,5,5,Accurate summary of the supplied paragraph.
79,brainstorming,"If you could not fill a pool with water, what would you fill it with?",,"If I could not fill a pool with water, I would fill it with; 1) feathers, 2) bubbles, 3) flour, 4) syrup, 5) sour cream, 6) planted flowers, or 7) rocks.",5,5,5,5,Creative response directly answers the open ended prompt.
